,Dataset,Subset,X_max,X_min,X_at_X_max,X_at_X_min,A_max,A_min,X_at_A_max,X_at_A_min,B_max,B_min,X_at_B_max,X_at_B_min
0,Set 0,All Data,10000.6195612662,100.6735650186,10000.6195612662,100.6735650186,0.9994792489,0.0011071997,6400.9994792489,8300.0011071997,0.9992859258,0.005069621,2500.6266971584,5000.2014074677
1,Set 1,All Data,10000.6195612662,100.6735650186,10000.6195612662,100.6735650186,0.9994792489,0.0011071997,6400.9994792489,8300.0011071997,0.9992859258,0.005069621,2500.6266971584,5000.2014074677
2,Set 2,All Data,10000.6195612662,100.6735650186,10000.6195612662,100.6735650186,0.9994792489,0.0011071997,6400.9994792489,8300.0011071997,0.9992859258,0.005069621,2500.6266971584,5000.2014074677
3,Set 3,All Data,10000.6195612662,100.6735650186,10000.6195612662,100.6735650186,0.9994792489,0.0011071997,6400.9994792489,8300.0011071997,0.9992859258,0.005069621,2500.6266971584,5000.2014074677
